id,name,review_url,test,stability_pct,max_surface_temp_c,overheated,note
oppo-find-x9-ultra,OPPO Find X9 Ultra,https://www.notebookcheck.net/Oppo-Find-X9-Ultra-review-a-top-smartphone-with-an-overlooked-weakness.1308777.0.html,Wild Life Extreme Stress Test,58.2,50.7,,
xiaomi-17-ultra,Xiaomi 17 Ultra,https://www.notebookcheck.net/Xiaomi-17-Ultra-review-Best-overall-package-in-the-smartphone-sector-meets-Leica-APO-zoom.1211793.0.html,Wild Life Extreme Stress Test,73,50.6,,
apple-iphone-air,Apple iPhone Air,https://www.notebookcheck.net/Apple-iPhone-Air-review-The-thinnest-smartphone-packs-a-ton-of-power.1152091.0.html,Wild Life Extreme Stress Test,66.1,43.6,,
honor-magic8-pro,Honor Magic8 Pro,https://www.notebookcheck.net/Flagship-power-with-an-XXL-battery-Honor-Magic8-Pro-smartphone-review.1204159.0.html,Wild Life Extreme Stress Test,50.7,43.2,,
samsung-galaxy-s26-ultra,Samsung Galaxy S26 Ultra,https://www.notebookcheck.net/Blocks-prying-eyes-Samsung-Galaxy-S26-Ultra-review.1278349.0.html,Wild Life Extreme Stress Test,54,43.7,,
google-pixel-10-pro,Google Pixel 10 Pro,https://www.notebookcheck.net/Google-Pixel-10-Pro-Smartphone-Review-Compact-AI-monster-with-top-cameras.1129342.0.html,Wild Life Extreme Stress Test,88.7,41.2,,
apple-iphone-17,Apple iPhone 17,https://www.notebookcheck.net/Apple-iPhone-17-smartphone-review-The-best-iPhone-of-the-year-is-unbelievably-close-to-an-iPhone-Pro.1129296.0.html,Wild Life Extreme Stress Test,65.4,45.3,,
oneplus-15,OnePlus 15,https://www.notebookcheck.net/OnePlus-15-smartphone-review-Gaming-at-165fps-despite-being-slower-than-the-predecessor.1171622.0.html,Wild Life Extreme Stress Test,52,49.7,,
xiaomi-poco-f9-ultra,Xiaomi Poco F9 Ultra,https://www.notebookcheck.net/Poco-F9-Ultra-Review-The-battery-giant-with-high-end-ambitions.1413644.0.html,Wild Life Extreme Stress Test,75.1,50.4,,
honor-magic7-pro,Honor Magic7 Pro,https://www.notebookcheck.net/Honor-Magic7-Pro-review-A-powerful-camera-smartphone-with-lots-of-features.948829.0.html,Wild Life Extreme Stress Test,,46.3,yes,Wild Life Extreme stress test stopped early (overheating)
apple-iphone-16e,Apple iPhone 16e,https://www.notebookcheck.net/Apple-s-new-budget-wonder-weapon-against-the-competition-Apple-iPhone-16e-review.1009234.0.html,Wild Life Extreme Stress Test,82.5,43.2,,
apple-iphone-16,Apple iPhone 16,https://www.notebookcheck.net/Apple-iPhone-16-smartphone-review-More-innovations-than-one-would-think.908118.0.html,Wild Life Extreme Stress Test,68.7,45.3,,
samsung-galaxy-s26-plus,Samsung Galaxy S26+,https://www.notebookcheck.net/Will-the-Exynos-2600-save-the-unwanted-flagship-Samsung-Galaxy-S26-review.1272005.0.html,Wild Life Extreme Stress Test,59.6,47.5,,
samsung-galaxy-s26,Samsung Galaxy S26,https://www.notebookcheck.net/Exynos-and-more-battery-power-make-it-a-star-Samsung-Galaxy-S26-review.1284566.0.html,Wild Life Extreme Stress Test,48.8,45.5,,
google-pixel-10,Google Pixel 10,https://www.notebookcheck.net/Google-Pixel-10-Smartphone-Review-Still-an-excellent-compact-Android-offering-six-months-later-with-some-let-downs.1120171.0.html,Wild Life Extreme Stress Test,71.4,40.6,,
samsung-galaxy-s25-ultra,Samsung Galaxy S25 Ultra,https://www.notebookcheck.net/Samsung-Galaxy-S25-Ultra-review-The-AI-phone-relies-fully-on-artificial-intelligence-and-small-hardware-upgrades.968346.0.html,Wild Life Extreme Stress Test,52.3,43.5,,
vivo-x300-fe,vivo X300 FE,https://www.notebookcheck.net/The-mini-version-of-one-of-the-best-camera-smartphones-saves-a-lot-of-money-Vivo-X300-FE-Smartphone-Review.1335709.0.html,Wild Life Extreme Stress Test,77,46.7,,
xiaomi-17t-pro,Xiaomi 17T Pro,https://www.notebookcheck.net/A-flagship-that-makes-you-forget-its-price-Xiaomi-17T-Pro-Review.1352144.0.html,Wild Life Extreme Stress Test,64.8,42.0,,
apple-iphone-17e,Apple iPhone 17e,https://www.notebookcheck.net/A-big-seller-despite-many-cut-corners-Apple-iPhone-17e-smartphone-review.1260530.0.html,Wild Life Extreme Stress Test,66.2,42.1,,
xiaomi-poco-f8-ultra,Xiaomi Poco F8 Ultra,https://www.notebookcheck.net/Affordable-flagship-with-Bose-subwoofer-Xiaomi-Poco-F8-Ultra-review.1189651.0.html,Wild Life Extreme Stress Test,,49.8,yes,Wild Life stress tests stopped early (overheating)
honor-400-pro,Honor 400 Pro,https://www.notebookcheck.net/Almost-on-top-of-the-pack-Honor-400-Pro-smartphone-review.1048421.0.html,Wild Life Extreme Stress Test,73.8,48.1,,
google-pixel-10a,Google Pixel 10a,https://www.notebookcheck.net/Google-Pixel-10a-review-The-best-mid-range-smartphone-of-2026.1328484.0.html,Wild Life Extreme Stress Test,68.7,42.8,,
honor-600,Honor 600,https://www.notebookcheck.net/200-MPix-camera-7-000-mAh-battery-and-8-000-nits-is-it-worth-buying-Honor-600-review.1331696.0.html,Wild Life Extreme Stress Test,95.3,46.3,,
xiaomi-15t-pro,Xiaomi 15T Pro,https://www.notebookcheck.net/Xiaomi-15T-Pro-review-an-underrated-gem-among-camera-phones.1157940.0.html,Wild Life Extreme Stress Test,73.3,48.5,,
xiaomi-poco-f8-pro,Xiaomi Poco F8 Pro,https://www.notebookcheck.net/Xiaomi-Poco-F8-Pro-Smartphone-Review-Flagship-feeling-at-a-mid-range-price.1189650.0.html,Wild Life Extreme Stress Test,67.5,48.7,,
xiaomi-17t,Xiaomi 17T,https://www.notebookcheck.net/Price-drop-turns-Leica-camera-phone-into-a-bargain-Xiaomi-17T-review.1363998.0.html,Wild Life Extreme Stress Test,62,45.9,,
vivo-v70,vivo V70,https://www.notebookcheck.net/Vivo-V70-review-A-standout-feature-leaves-Xiaomi-behind-in-the-mid-range-smartphone-segment.1244797.0.html,Wild Life Extreme Stress Test,64.4,44.6,,
google-pixel-9a,Google Pixel 9a,https://www.notebookcheck.net/Great-battery-life-and-a-handy-size-Google-Pixel-9a-review.1039364.0.html,Wild Life Extreme Stress Test,58.4,43.4,,
xiaomi-poco-x8-pro-max,Xiaomi Poco X8 Pro Max,https://www.notebookcheck.net/The-smartphone-with-a-giant-8-500-mAh-battery-and-a-light-show-Xiaomi-Poco-X8-Pro-Max-review.1316214.0.html,Wild Life Extreme Stress Test,59.9,43.0,,
nothing-phone-4a,Nothing Phone (4a),https://www.notebookcheck.net/Bargain-potential-and-stylish-design-Nothing-Phone-4a-review.1294915.0.html,Wild Life Extreme Stress Test,99.7,49.9,,
xiaomi-redmi-note-15-pro-plus,Xiaomi Redmi Note 15 Pro+,https://www.notebookcheck.net/Redmi-Note-15-Pro-5G-Review-This-Xiaomi-phone-s-highlight-becomes-a-beach-nightmare.1227138.0.html,Wild Life Extreme Stress Test,98.5,38.8,,
samsung-galaxy-a57,Samsung Galaxy A57,https://www.notebookcheck.net/Samsung-Galaxy-A57-5G-Review-The-new-mid-range-favorite.1340192.0.html,Wild Life Extreme Stress Test,93.4,47.8,,
xiaomi-poco-x8-pro,Xiaomi Poco X8 Pro,https://www.notebookcheck.net/Amazing-price-performance-for-an-inexpensive-smartphone-Xiaomi-Poco-X8-Pro-review.1277617.0.html,Wild Life Extreme Stress Test,74.4,42.5,,
honor-400,Honor 400,https://www.notebookcheck.net/Powerful-total-package-with-bargain-potential-Honor-400-smartphone-review.1045076.0.html,Wild Life Extreme Stress Test,99.7,44.7,,
nothing-phone-4b,Nothing Phone (4b),https://www.notebookcheck.net/Nice-affordable-but-holding-back-Nothing-Phone-4b-review.1400098.0.html,Wild Life Extreme Stress Test,99.8,49.4,,
samsung-galaxy-a37,Samsung Galaxy A37,https://www.notebookcheck.net/Strong-but-the-competition-isn-t-sleeping-Samsung-Galaxy-A37-5G-review.1328741.0.html,Wild Life Extreme Stress Test,99.2,43.4,,
samsung-galaxy-a17,Samsung Galaxy A17,https://www.notebookcheck.net/Can-you-go-wrong-with-updates-until-2031-at-a-low-price-Samsung-Galaxy-A17-5G-smartphone-review.1123889.0.html,Wild Life Extreme Stress Test,96.1,44.7,,
xiaomi-poco-m8-pro,Xiaomi Poco M8 Pro,https://www.notebookcheck.net/This-mid-range-smartphone-often-makes-Samsung-Co-look-old-Xiaomi-Poco-M8-Pro-5G-review.1227137.0.html,Wild Life Extreme Stress Test,99.6,39.4,,
xiaomi-poco-m8,Xiaomi Poco M8,https://www.notebookcheck.net/Battery-and-display-are-better-but-the-Samsung-Galaxy-A36-remains-our-favorite-Xiaomi-Poco-M8-5G-review.1230385.0.html,Wild Life Extreme Stress Test,99.2,44.5,,
