date,phone_id,storage_gb,ram_gb,price_sgd,list_price_sgd,store,seller,title,url,variant_basis
2025-07-15,xiaomi-redmi-13,128,6.0,169.0,,lazada,,"Xiaomi Redmi 13 8+128GB/8+256GB, Local warranty",https://www.lazada.sg/products/pdp-i3297702480-s22144609541.html,title
2025-07-15,xiaomi-redmi-a5,128,4.0,119.0,,lazada,,"New Redmi A5 Smartphone | 4GB+128GB, 32MP AI Dual Camera, Immersive 6.88'' display, Massive 5200mAh (typ) battery, Powered by 15W fast charging",https://www.lazada.sg/products/pdp-i3423315653.html,title
2025-07-15,xiaomi-redmi-note-14-5g,256,8.0,299.0,,lazada,,"Redmi Note 14 5G Smartphone | 8GB+256GB, 108MP AI Camera, MediaTek Dimensity 7025-Ultra, 120Hz eye care display, Local warranty",https://www.lazada.sg/products/pdp-i3319676929.html,title
2025-07-15,xiaomi-redmi-note-14-pro-5g,256,8.0,369.0,,lazada,,"Redmi Note 14 Pro 5G Smartphone | 8GB+256GB/12GB+256GB, 200MP AI Camera, MediaTek Dimensity 7300-Ultra, 1.5K 120Hz eye-care display, Local Warranty",https://www.lazada.sg/products/pdp-i3319745633.html,title
2025-07-15,xiaomi-redmi-note-14-pro-plus-5g,256,8.0,479.0,,lazada,,"Redmi Note 14 Pro+ 5G Smartphone | 12GB+256GB/12GB+512GB, 200MP pro-grade AI camera, Snapdragon® 7s Gen 3, 120W HyperCharge with 5110mAh battery, Local warranty",https://www.lazada.sg/products/pdp-i3319671884.html,title
2025-07-15,xiaomi-14t,256,12.0,649.0,,lazada,,"Xiaomi 14T Smartphone | 12GB+256GB/12GB+512GB, MediaTek Dimensity 8300-Ultra,144Hz AI display,5000mAh (typ) battery/67W HyperCharge, 1+1 Year Extend Local Warranty(Charger not included)",https://www.lazada.sg/products/pdp-i3297532896.html,title
2025-07-15,xiaomi-15,256,12.0,1099.0,,lazada,,"Xiaomi 15 Smartphone | 12+256GB/12+512GB, Leica Summilux optical lens, Snapdragon 8 Elite, Xiaomi HyperOS 2",https://www.lazada.sg/products/pdp-i3369065378.html,title
2025-07-15,xiaomi-15-ultra,512,16.0,1899.0,,lazada,,"Xiaomi 15 Ultra Smartphone | 16+512GB/16+1T, Leica Summilux optical lens, Snapdragon 8 Elite, Xiaomi HyperOS 2",https://www.lazada.sg/products/pdp-i3369149072.html,title
2025-07-15,apple-iphone-13,128,4.0,668.2,,lazada,,Apple iPhone 13,https://www.lazada.sg/products/pdp-i1987602883.html,assumed base
2025-07-15,apple-iphone-14,128,6.0,949.0,,lazada,,Apple iPhone 14,https://www.lazada.sg/products/pdp-i2462589004.html,assumed base
2025-07-15,apple-iphone-15,128,6.0,1249.0,,lazada,,Apple iPhone 15,https://www.lazada.sg/products/pdp-i2881998799.html,assumed base
2025-07-15,apple-iphone-16e,128,8.0,1008.5,,lazada,,Apple iPhone 16e,https://www.lazada.sg/products/pdp-i3372113250.html,assumed base
2025-07-15,apple-iphone-16,128,8.0,1548.4,,lazada,,Apple iPhone 16,https://www.lazada.sg/products/pdp-i3177179138.html,assumed base
2025-07-15,apple-iphone-16-plus,128,8.0,1198.44,,lazada,,Apple iPhone 16 Plus,https://www.lazada.sg/products/pdp-i3177087566.html,assumed base
2025-07-15,apple-iphone-16-pro,128,8.0,1451.0,,lazada,,Apple iPhone 16 Pro,https://www.lazada.sg/products/pdp-i3177066417.html,assumed base
2025-07-15,apple-iphone-16-pro-max,256,8.0,2262.0,,lazada,,Apple iPhone 16 Pro Max,https://www.lazada.sg/products/pdp-i3177041293.html,assumed base
2025-07-15,samsung-galaxy-a06-5g,64,4.0,228.0,,lazada,,Samsung Galaxy A06 5G,https://www.lazada.sg/products/pdp-i3395547747.html,assumed base
2025-07-15,samsung-galaxy-a26,128,4.0,408.0,,lazada,,Samsung Galaxy A26 5G,https://www.lazada.sg/products/pdp-i3395467856.html,assumed base
2025-07-15,samsung-galaxy-a36,128,6.0,508.0,,lazada,,Samsung Galaxy A36 5G,https://www.lazada.sg/products/pdp-i3395463837.html,assumed base
2025-07-15,samsung-galaxy-a56,128,6.0,658.0,,lazada,,Samsung Galaxy A56 5G,https://www.lazada.sg/products/pdp-i3395640499.html,assumed base
2025-07-15,samsung-galaxy-s24-fe,128,8.0,758.0,,lazada,,"Samsung Galaxy S24 FE, AI Phone",https://www.lazada.sg/products/pdp-i3183308663.html,assumed base
2025-07-15,samsung-galaxy-s24-ultra,256,12.0,1240.0,,lazada,,"Samsung Galaxy S24 Ultra 5G, AI Phone",https://www.lazada.sg/products/pdp-i2970781093.html,assumed base
2025-07-15,samsung-galaxy-s25-plus,256,12.0,1248.0,,lazada,,"Samsung Galaxy S25+, 5G, AI Phone",https://www.lazada.sg/products/pdp-i3321625696.html,assumed base
2025-07-15,samsung-galaxy-s25-ultra,256,12.0,2038.0,,lazada,,"Samsung Galaxy S25 Ultra, 5G, AI Phone",https://www.lazada.sg/products/pdp-i3321630575.html,assumed base
2025-07-15,samsung-galaxy-s25,128,12.0,1238.0,,lazada,,"Samsung Galaxy S25, 5G, AI Phone",https://www.lazada.sg/products/pdp-i3321924025.html,assumed base
2025-07-15,oppo-a18,64,4.0,124.0,,lazada,,OPPO A18 / 300% Ultra Volume Mode / 90Hz Sunlight Display / 5000mAh Battery / 36-Month Fluency / 2 Years Local Warranty,https://www.lazada.sg/products/pdp-i2937530578.html,assumed base
2025-07-15,oppo-a5-pro,128,6.0,273.99,,lazada,,OPPO A5 Pro 5G 12(6+6GB) + 128GB / 2 Year Local Warranty / IP69 Water & Dust Resistance / 5800mAh Battery AI LinkBoost 2.0,https://www.lazada.sg/products/pdp-i3405815345.html,title
2025-07-15,oppo-reno12-f,256,8.0,391.84,,lazada,,OPPO Reno12 F 5G 24 (12+12GB) + 256GB / AI Eraser 2.0 / AI LinkBoost & BeaconLink / 120Hz Flat OLED / Dual-View Video / 2 Years Local Warranty,https://www.lazada.sg/products/pdp-i2951186999.html,title
2025-07-15,oppo-reno11-f,256,8.0,296.6,,lazada,,OPPO Reno11 F 5G 16(8+8GB) + 256GB / 64MP Camera / NFC Capable / 67W SUPERVOOC / IP65 Water & Dust Rating / 2 Years Local Warranty,https://www.lazada.sg/products/pdp-i3023449510.html,title
2025-07-15,oppo-reno12,256,8.0,469.0,,lazada,,OPPO Reno12 5G 24(12+12GB) + 256GB / AI Eraser 2.0 / AI LinkBoost / 120Hz 3D Curved Screen / 80W SUPERVOOC / 2 Years Local Warranty,https://www.lazada.sg/products/pdp-i3075609069.html,title
2025-07-15,oppo-reno12-pro,512,12.0,569.0,,lazada,,OPPO Reno12 Pro 5G 24(12+12GB) + 512GB / AI Eraser 2.0 / AI LinkBoost / Ultra-Clear Portrait Camera System / 2 Years Local Warranty,https://www.lazada.sg/products/pdp-i3075476351.html,title
2025-07-15,oppo-reno13-f,256,8.0,490.54,,lazada,,OPPO Reno13 F 5G 24(12+12GB)+256GB / 2 Year Local Warranty / Snapdragon® 6 Gen 1 / IP69 Resistance / 5800mAh Battery,https://www.lazada.sg/products/pdp-i3394303255.html,title
2025-07-15,oppo-reno13,256,8.0,649.0,,lazada,,OPPO Reno13 5G 24(12+12GB)+256GB / AI Livephoto & Editor / IP69 Water & Dust Resistance / 5600mAh Battery / 80W SUPERVOOC / 2 Years Local Warranty,https://www.lazada.sg/products/pdp-i3296475684.html,title
2025-07-15,oppo-find-x8,512,12.0,1099.0,,lazada,,[Same-Day Delivery Available] OPPO Find X8 5G 28 (16+12) + 512GB / AI Telescope Zoom / 5630mAh Battery / 80W SUPERVOOC + 50W AIRVOOC / 2 Year Global Warranty,https://www.lazada.sg/products/pdp-i3229017701.html,title
2025-07-15,oppo-find-x8-pro,512,12.0,1299.0,,lazada,,[Same-Day Delivery Available] OPPO Find X8 Pro 5G 28 (16+12) + 512GB / 120x Telescope Zoom / HyperTone Quad Main Camera System / 80W SUPERVOOC 5910mAh Battery + 50W AIRVOOC,https://www.lazada.sg/products/pdp-i3229017688.html,title
2025-07-15,google-pixel-8a,128,8.0,799.0,,lazada,,Google Pixel 8a,https://www.lazada.sg/products/pdp-i3053280196.html,assumed base
2025-07-15,google-pixel-9a,128,8.0,799.0,,lazada,,Google Pixel 9a,https://www.lazada.sg/products/pdp-i3397270024.html,assumed base
2025-07-15,google-pixel-9,128,12.0,1199.0,,lazada,,Google Pixel 9,https://www.lazada.sg/products/pdp-i3136280608.html,assumed base
2025-07-15,google-pixel-9-pro,128,16.0,1599.0,,lazada,,Google Pixel 9 Pro,https://www.lazada.sg/products/pdp-i3214726481.html,assumed base
2025-07-15,google-pixel-9-pro-xl,128,16.0,1739.0,,lazada,,Google Pixel 9 Pro XL,https://www.lazada.sg/products/pdp-i3116257116.html,assumed base
2025-07-15,oneplus-nord-4,128,8.0,599.0,,lazada,,OnePlus Nord 4 5G Global Version Dual Sim | Snapdragon 7 Plus Gen 3 | Powered by OnePlus AI,https://www.lazada.sg/products/pdp-i3124212649-s21261899804.html,assumed base
2025-07-15,oneplus-12r,256,8.0,799.0,,lazada,,OnePlus 12R 5G Global Version CPH2609 | 16GB RAM + 256GB ROM | Snapdragon 8 Gen 2 Mobile Platform with Trinity Engine | IMDA Apporved Dual Sim | SG 2 Years Official Warranty,https://www.lazada.sg/products/pdp-i3007376044.html,title
2025-07-15,oneplus-13r,256,12.0,849.0,,lazada,,OnePlus 13R 5G Global Version | 12+256GB | Support eSim and Singpass | 2 Years Official Warranty,https://www.lazada.sg/products/pdp-i3318575960.html,title
2025-07-15,oneplus-13,256,12.0,1299.0,,lazada,,OnePlus 13 5G Global Version CPH2653 | Snapdragon 8 Elite | Support eSim NFC VoLTE SingPass | 2 Years Official Warranty,https://www.lazada.sg/products/pdp-i3318646528.html,assumed base
2025-07-15,nothing-phone-2a,256,8.0,479.0,,lazada,,Nothing Phone (2a) | 12GB+256GB | 4nm Dimensity 7200 Pro | Dual 50MP rear + 32MP front | Iconic Glyph,https://www.lazada.sg/products/pdp-i3016178168.html,title
2025-07-15,nothing-phone-2a-plus,256,8.0,549.0,,lazada,,"[Limited] Nothing Phone (2a) Plus | Dimensity 7350 Pro 5G | Triple 50MP Camera | 5000mAh + 50W | 6.7"" 120Hz AMOLED",https://www.lazada.sg/products/pdp-i3148865628-s21440338865.html,assumed base
2025-07-15,vivo-y03,64,4.0,99.0,,lazada,,vivo Y03 4GB+4GB Extended RAM + 64GB Storage | 15w Fast Charging | 90Hz Refresh Rate | Water Resistant | 2 Years Warranty,https://www.lazada.sg/products/pdp-i3031925860-s21208958636.html,title
2025-07-15,vivo-y28s,256,8.0,229.0,,lazada,,vivo Y28s 5G | 8GB+8GB Extended RAM + 256GB Storage | 5000mAh Battery | 150% Volume Boost | 2 Years Warranty,https://www.lazada.sg/products/pdp-i3261670077.html,title
2025-07-15,vivo-y38,256,8.0,279.0,,lazada,,vivo Y38 5G 8GB+8GB Extended RAM + 256GB Storage | 44W FlashCharge | 120Hz Brightness Eye-Protect Screen | 2 Years Warranty,https://www.lazada.sg/products/pdp-i3095664108.html,title
2025-07-15,vivo-y29s,256,6.0,269.0,,lazada,,vivo Y29s 5G 8GB+8GB Extended RAM +256GB | 5500mAh | Dimensity 6300 | 50MP Camera | 2 Years Warranty,https://www.lazada.sg/products/pdp-i2882223012.html,title
2025-07-15,vivo-y39,256,8.0,369.0,,lazada,,[New Launch] vivo Y39 5G 8GB+8GB Extended RAM +256GB | 6500mAh Battery | Snapdragon 4 Gen 2 | 44W Flash Charge | 50MP Camera | 2 Years Warranty,https://www.lazada.sg/products/pdp-i359518387.html,title
2025-07-15,vivo-v40-lite,128,8.0,439.0,,lazada,,vivo V40 Lite 5G | 12GB+12GB Expanded RAM + 512GB Storage | Snapdragon 4 Gen 2 Processor | 5000mAh Battery | 80W Flash Charge | 120Hz Refresh Rate,https://www.lazada.sg/products/pdp-i3208574634.html,title
2025-07-15,vivo-v50-lite,512,12.0,499.0,,lazada,,vivo V50 Lite 5G 12+12GB Extended RAM +512GB | 6500mAh Battery | 90W Flash Charge | 50MP Sony IMX882 | 2 Years Warranty,https://www.lazada.sg/products/pdp-i3403540947.html,title
2025-07-15,vivo-v40,256,8.0,579.0,,lazada,,vivo V40 5G | 12GB+12GB Expanded RAM + 256GB Storage | Snapdragon 7 Gen 3 Processor | 5500mAh Battery | 80W Flash Charge | 120Hz Refresh Rate,https://www.lazada.sg/products/pdp-i3181796214.html,title
2025-07-15,vivo-v50,256,8.0,649.0,,lazada,,vivo V50 5G 12+12GB Extended RAM +256GB | 6000mAh Battery | Snapdragon7 Gen3 | 90W Flash Charge | IP68 & 69 | 50MP Front & Back Camera | 2 Years Warranty,https://www.lazada.sg/products/pdp-i3362073853.html,title
2025-07-15,honor-x6c,256,6.0,189.0,,lazada,,HONOR X6c (8GB+256GB) 4G Smartphone - 5300mAh & 53W Large Battery | IP64,https://www.lazada.sg/products/pdp-i3475820378.html,title
2025-07-15,honor-x9c,256,8.0,419.0,,lazada,,HONOR X9c 5G Smartphone (12GB+256GB) 6.78inch Display Ultra-tough Triple Defense,https://www.lazada.sg/products/pdp-i3218914062.html,title
2025-07-15,honor-400-lite,256,8.0,339.0,,lazada,,HONOR 400 Lite 5G Smartphone (12GB+256GB) 108MP Ultra Clear & AI Camera | IP65,https://www.lazada.sg/products/pdp-i3436896040.html,title
2025-07-15,honor-400,256,8.0,599.0,,lazada,,[NEW] HONOR 400 5G Smartphone 256GB - 200MP Super Sensing AI Camera | 6000mAh Battery,https://www.lazada.sg/products/pdp-i3452113118.html,title
2025-07-15,honor-200-pro,512,12.0,799.0,,lazada,,HONOR 200 Pro 5G Smartphone 24 (12+12)GB+512GB Triple 50MP Studio-level Portrait Camera,https://www.lazada.sg/products/pdp-i3116435429.html,title
2025-07-15,honor-400-pro,256,12.0,899.0,,lazada,,[NEW] HONOR 400 Pro 5G Smartphone - 200MP AI Imaging Quality 6000mAh Snapdragon 8 Gen 3,https://www.lazada.sg/products/pdp-i3452034426.html,assumed base
2025-07-15,honor-magic6-pro,512,12.0,1149.0,,lazada,,HONOR Magic6 Pro 5G (12GB+512GB) 50MP Super-dynamic Falcon Camera| 5600mAh Silicon-Carbon Battery,https://www.lazada.sg/products/pdp-i3028973719.html,title
2025-07-15,honor-magic7-pro,256,12.0,1399.0,,lazada,,HONOR Magic7 Pro 5G Smartphone - Smarter MagicOS 9.0 with HONOR AI | Snapdragon,https://www.lazada.sg/products/pdp-i3321859318.html,assumed base
2025-07-15,realme-c71,128,4.0,179.0,,lazada,,realme C71 18GB(6+12)+128GB | 6300mAh + 45W + 6W Reverse Charging | 400% Ultra Volume｜120Hz Eye Comfort Display｜Military-Grade Shock Resistance,https://www.lazada.sg/products/pdp-i3474300478.html,title
2025-07-15,realme-c75x,128,6.0,219.0,,lazada,,realme C75x 24GB(8+16)+128GB| IP69 Dust & Water Resistance| 5600mAh Massive Battery| 120Hz Diaplay| AI Smart Experience,https://www.lazada.sg/products/pdp-i3098891605.html,title
2025-07-15,realme-c75,64,4.0,239.0,,lazada,,"realme C75 24GB(8+16) RAM 256GB | 6000mAh Battery | 45W Fast Charge | 6.72"" 90Hz Display | IP69 Rating | 4G phone",https://www.lazada.sg/products/pdp-i3300548438.html,title
2025-07-15,realme-14x,256,6.0,249.0,,lazada,,realme 14X 5G Mobile 18GB(8+10)RAM + 256GB ROM | MediaTek Dimensity 6300 | 50MP Dual Camera | 120Hz HD+ Display | IP64 Water Resistant,https://www.lazada.sg/products/pdp-i3361954892.html,title
2025-07-15,realme-14,256,8.0,369.0,,lazada,,realme 14 5G 18GB(8+10) +256GB| Snapdragon6 Gen4 5G Chipset | 6K Bionic Cooling System | IP69 Dust&Water Resistance,https://www.lazada.sg/products/pdp-i3445412935.html,title
2025-07-15,realme-13-plus,512,12.0,509.0,,lazada,,realme 13+ 5G 26GB (12+14) + 512GB | Dimensity 7300 5G | 50MP Sony LYT-600 OIS Camera | 120Hz OLED Display | 80W Charging,https://www.lazada.sg/products/pdp-i3208006828.html,title
2025-07-15,realme-13-pro,512,12.0,599.0,,lazada,,realme 13 Pro 24(12+12GB) +512GB | Sony LYT-600 Periscope Camera | 120Hz Curved Display | 5200mAh 45W Charge | 2-Year Warranty,https://www.lazada.sg/products/pdp-i3153935031.html,title
2025-07-15,realme-gt-7t,256,8.0,649.0,,lazada,,[New] realme GT 7T 24GB(12+12) + 256GB | 7000mAh+120W | Dimensity 8400-MAX | AI Travel Snap Camera | IP69 WaterProof,https://www.lazada.sg/products/pdp-i3464090740.html,title
2025-07-15,realme-gt-6,512,16.0,799.0,,lazada,,realme GT6 5G 28(12+16GB) + 512GB | SonyLYT-808 Camera | Snapdragon 8s Gen 3 Chipset | 120W SUPERVOOC Charge | 6000nit Ultra Bright Display | GT6 Mobile Phone,https://www.lazada.sg/products/pdp-i3076055073.html,title
2025-07-15,realme-gt-7,512,12.0,899.0,,lazada,,[New] realme GT7 24GB(12+12) +512GB | 7000mAh+120W | Dimensity 9400e | AI Camera | IP69 Water Resistance,https://www.lazada.sg/products/pdp-i3464286083.html,title
2026-10-02,apple-iphone-18-pro-max,256,12.0,2099.0,,lazada,Apple Flagship Store,Apple iPhone 18 Pro Max,https://www.lazada.sg/products/pdp-i13907853520.html,listing options
2026-10-02,apple-iphone-18-pro,256,12.0,1899.0,,lazada,Apple Flagship Store,Apple iPhone 18 Pro,https://www.lazada.sg/products/pdp-i13911208159.html,listing options
2026-10-02,apple-iphone-17,256,8.0,1375.0,1449.0,lazada,Apple Flagship Store,Apple iPhone 17,https://www.lazada.sg/products/pdp-i3519316914.html,listing options
2026-10-02,apple-iphone-17e,256,8.0,1042.0,1099.0,lazada,Apple Flagship Store,Apple iPhone 17e,https://www.lazada.sg/products/pdp-i13657366590.html,listing options
2026-10-02,apple-iphone-16e,512,8.0,1265.0,1399.0,lazada,Apple Flagship Store,Apple iPhone 16e,https://www.lazada.sg/products/pdp-i3372113250.html,listing options
2026-10-02,oppo-a6c,64,4.0,189.0,,lazada,OPPO,[NEW] OPPO A6c 12(4+8GB) + 128GB | 7000mAh Battery | IP64 Rating | 120Hz HD+ LCD Display | 2 Years Local Warranty,https://www.lazada.sg/products/pdp-i13816459003.html,listing options
2026-10-02,samsung-galaxy-s25-ultra,256,12.0,1188.0,1678.0,lazada,Samsung,"Samsung Galaxy S25 Ultra, 5G, AI Phone",https://www.lazada.sg/products/pdp-i3321630575.html,listing options
2026-10-02,oppo-a5,128,4.0,249.0,,lazada,OPPO,OPPO A5 5G 8(4+4GB)+128GB / 6000mAh Battery + 45W SUPERVOOC / MediaTek Dimensity 6300 / IP65 Water & Dust Resistance,https://www.lazada.sg/products/pdp-i3452063722.html,title
2026-10-02,samsung-galaxy-s26-plus,256,12.0,1228.0,1778.0,lazada,Samsung,"Samsung Galaxy S26+, 5G, AI Phone",https://www.lazada.sg/products/pdp-i3649633796.html,listing options
2026-10-02,nothing-phone-4a,256,8.0,744.0,749.0,lazada,Nothing Singapore,[New] Nothing Phone (4a) | Improved Essential AI | 50MP telephoto with OIS | 1.5K 120Hz AMOLED | Snapdragon 7s Gen 4,https://www.lazada.sg/products/pdp-i13680738581.html,listing options
2026-10-02,oppo-a6x,128,4.0,299.0,,lazada,OPPO,OPPO A6x 5G 8(4+4GB) + 128GB | 6500mAh Battery | NFC Capable | 50MP Camera | 120Hz Display IP64 Dust & Water Resistance | 2 Years Local Warranty,https://www.lazada.sg/products/pdp-i3608293250.html,title
2026-10-02,vivo-y05,64,4.0,229.0,,lazada,vivo,vivo Y05 4GB+4GB Extended RAM + 64GB/128GB | 6500mAh Battery | Extendable Storage 2TB | 2 Years Warranty,https://www.lazada.sg/products/pdp-i13661740411.html,listing options
2026-10-02,samsung-galaxy-a57,128,8.0,628.0,678.0,lazada,Samsung,Samsung Galaxy A57 5G,https://www.lazada.sg/products/pdp-i13682747791.html,listing options
2026-10-02,samsung-galaxy-a27,128,6.0,408.0,458.0,lazada,Samsung,Samsung Galaxy A27 5G,https://www.lazada.sg/products/pdp-i13841565951.html,listing options
2026-10-02,samsung-galaxy-s26,256,12.0,1228.0,1588.0,lazada,Samsung,"Samsung Galaxy S26, 5G, AI Phone",https://www.lazada.sg/products/pdp-i3649632742.html,listing options
2026-10-02,samsung-galaxy-a07-4g,128,4.0,258.0,,lazada,Samsung,Samsung Galaxy A07 LTE,https://www.lazada.sg/products/pdp-i3520981239.html,listing options
2026-10-02,xiaomi-redmi-a7-pro,128,4.0,209.0,,lazada,Xiaomi Official Store,"REDMI A7 Pro smartphone | 4G+128G, Immersive 6.9"" display, Massive 6000mAh battery, Powered by Xiaomi HyperOS, Powerful octa-core processor",https://www.lazada.sg/products/pdp-i13682081893.html,title
2026-10-02,xiaomi-poco-c81-pro,128,4.0,209.0,229.0,lazada,POCO Official Store,"New POCO C81 Pro Smartphone | 4G+128G/4G+256G, Immersive 6.9"" display, Massive 6000mAh(typ) battery, Powerful octa-core processor, Sleek and refined design, 13MP AI dual camera",https://www.lazada.sg/products/pdp-i13719730202.html,listing options
2026-10-02,xiaomi-poco-m8,256,8.0,339.0,359.0,lazada,POCO Official Store,"New POCO M8 5G Smartphone |8GB+256GB/8GB+512GB, 7.35mm sleek 3D-curved design｜6.77""120Hz Flow AMOLED display｜50MP AI dual camera system｜Supports 45W turbo charging",https://www.lazada.sg/products/pdp-i3608154483.html,listing options
2026-10-02,honor-x5d-plus,128,4.0,269.0,,lazada,Honor Singapore,HONOR X5d Plus 8(4+4)GB+128GB 4G Smartphone - 5260mAh Large Battery | 50MP Dual Camera,https://www.lazada.sg/products/pdp-i13763370345.html,title
2026-10-02,honor-600-lite,256,8.0,539.0,571.0,lazada,Honor Singapore,"HONOR 600 Lite 5G Smartphone 16(8+8)GB+256GB NFC 6520mAh Battery 6.6"" AMOLED Display",https://www.lazada.sg/products/pdp-i13654712848.html,title
2026-10-02,xiaomi-redmi-note-17,128,6.0,319.0,369.0,lazada,Xiaomi Official Store,"New Xiaomi REDMI Note 17 Smartphone|6G+128G/6G+256G, 7700mAh battery with 45W turbo charging, 6.99"" FHD+ eye-care AMOLED display, Corning® Gorilla® Glass 7i, IP65 dust and water resistance",https://www.lazada.sg/products/pdp-i3314827151.html,listing options
2026-10-02,samsung-galaxy-a17,128,4.0,428.0,,lazada,Samsung,Samsung Galaxy A17 5G,https://www.lazada.sg/products/pdp-i3521013091.html,listing options
2026-10-02,xiaomi-poco-x8,256,8.0,479.0,499.0,lazada,POCO Official Store,"New POCO X8 Smartphone|8G+256G, Massive 8340mAh battery with 67W HyperCharge, 6.83"" 1.5K ultra-bright AMOLED display, Segmented pattern design and solid build, IP66/IP68/IP69/IP69K dust and water resistance",https://www.lazada.sg/products/pdp-i13864589674.html,listing options
2026-10-02,xiaomi-redmi-17c,128,4.0,279.0,,lazada,Xiaomi Official Store,"New Xiaomi REDMI 17C 5G Smartphone|4G+128G, Immersive 6.9"" display, Massive 6000mAh (typ) battery",https://www.lazada.sg/products/pdp-i13837412517.html,listing options
2026-10-02,xiaomi-redmi-note-17,256,6.0,399.0,449.0,lazada,Xiaomi Official Store,"New Xiaomi REDMI Note 17 5G Smartphone|6G+256G, 7700mAh battery with 45W turbo charging, 6.99"" FHD+ eye-care AMOLED display, Corning® Gorilla® Glass 7i, IP65 dust and water resistance",https://www.lazada.sg/products/pdp-i3319676929.html,listing options
2026-10-02,samsung-galaxy-a37,128,6.0,498.0,548.0,lazada,Samsung,Samsung Galaxy A37 5G,https://www.lazada.sg/products/pdp-i13683390839.html,listing options
2026-10-02,xiaomi-poco-m7,128,6.0,309.0,,lazada,POCO Official Store,"POCO M7 Smartphone | 6GB+128GB/8GB+256GB, 7000mAh (typ) battery, 6.9"" FHD+ display, Powerful Snapdragon® 685",https://www.lazada.sg/products/pdp-i3501924408.html,listing options
2026-10-02,xiaomi-poco-x8-pro,256,8.0,599.0,649.0,lazada,POCO Official Store,"New POCO X8 Pro Smartphone | 8GB+256GB/12GB+512GB, Flagship Dimensity 8500-Ultra, 6500mAh (typ) battery with 100W HyperCharge, 1.5K 120Hz ultra-bright AMOLED display, 50MP Sony IMX882 with OIS",https://www.lazada.sg/products/pdp-i13659453349.html,listing options
2026-10-02,google-pixel-10a,128,8.0,899.0,,lazada,Google Pixel Store,Google Pixel 10a,https://www.lazada.sg/products/pdp-i13635990741.html,listing options
2026-10-02,honor-x7e,256,6.0,379.0,395.0,lazada,Honor Singapore,"HONOR X7e Smartphone 12(6+6)GB+256GB 7,500mAh Battery | SGS Premium Performance Certification | IP64 Water & Dust Resistance",https://www.lazada.sg/products/pdp-i13758740784.html,title
2026-10-02,xiaomi-poco-m8-pro,256,8.0,399.0,449.0,lazada,POCO Official Store,"New POCO M8 Pro 5G Smartphone |8GB+256GB/12GB+512GB, Massive 6500mAh (typ)battery｜6.83""CrystalRes 1.5K AMOLED display｜Snapdragon® 7s Gen 4｜50MP Light Fusion 800 with OIS",https://www.lazada.sg/products/pdp-i3608192268.html,listing options
2026-10-02,honor-600-pro,512,12.0,1209.0,,lazada,Honor Singapore,[NEW] HONOR 600 Pro 5G Smartphone | 28(12+16)GB+512GB | Snapdragon 8 Elite | 7000mAh Long Battery Life,https://www.lazada.sg/products/pdp-i3116435429.html,title
2026-10-02,samsung-galaxy-s26-ultra,256,12.0,1478.0,2028.0,lazada,Samsung,"Samsung Galaxy S26 Ultra, 5G, AI Phone",https://www.lazada.sg/products/pdp-i3649537957.html,listing options
2026-10-02,honor-400-pro,256,12.0,899.0,,lazada,Honor Singapore,HONOR 400 Pro 5G Smartphone - 200MP AI Imaging Quality 6000mAh Snapdragon 8 Gen 3,https://www.lazada.sg/products/pdp-i3452034426.html,assumed base
2026-10-02,google-pixel-11,256,12.0,1299.0,,lazada,Google Pixel Store,Google Pixel 11,https://www.lazada.sg/products/pdp-i13806768957.html,listing options
2026-10-02,oneplus-15r,256,12.0,918.0,939.0,lazada,OnePlus Official Store,OnePlus 15R | Snapdragon 8 Gen 5 | Support eSim NFC VoLTE Singpass,https://www.lazada.sg/products/pdp-i3607584470.html,assumed base
2026-10-02,oppo-reno16,256,8.0,899.0,,lazada,OPPO,OPPO Reno16 5G 12GB + 256GB | 50MP Camera | eSIM | 120Hz AMOLED | 6700mAh | 80W SUPERVOOC | 24 Months Warranty,https://www.lazada.sg/products/pdp-i13792203750.html,title
2026-10-02,oneplus-15,256,12.0,1329.0,1399.0,lazada,OnePlus Official Store,OnePlus 15 | Snapdragon 8 Elite Gen 5 | Support eSim NFC VoLTE SingPass,https://www.lazada.sg/products/pdp-i3584276544.html,assumed base
2026-10-02,honor-600,256,8.0,879.0,,lazada,Honor Singapore,[NEW] HONOR 600 5G Smartphone | 28(12+16)GB+256GB | 200MP Ultra-Clear Night Camera | 7000mAh Long Battery Life,https://www.lazada.sg/products/pdp-i3116367604.html,title
2026-10-02,google-pixel-11-pro-xl,256,12.0,1819.0,,lazada,Google Pixel Store,Google Pixel 11 Pro XL,https://www.lazada.sg/products/pdp-i13807052280.html,listing options
2026-10-02,xiaomi-poco-f9-ultra,256,12.0,1299.0,1399.0,lazada,POCO Official Store,"New POCO F9 Ultra Smartphone|12GB+256GB/16GB+512GB/16GB+1TB, Snapdragon® 8 Elite Gen 5 Mobile Platform, Massive 8050mAh (typ) battery, 6.9"" 185Hz ultra-bright AMOLED display",https://www.lazada.sg/products/pdp-i3396910952.html,listing options
2026-10-02,xiaomi-poco-x8-pro-max,256,12.0,789.0,799.0,lazada,POCO Official Store,"New POCO X8 Pro Max Smartphone | 12GB+256GB/12GB+512GB, Flagship Dimensity 9500s, Flagship quality with premium feel, 8500mAh (typ) battery with 100W HyperCharge, 6.83"""" 1.5K 120Hz ultra-bright AMOLED display",https://www.lazada.sg/products/pdp-i13659776323.html,listing options
2026-10-02,xiaomi-poco-f8-pro,256,12.0,799.0,,lazada,POCO Official Store,"New POCO F8 Pro Smartphone | 12GB+256GB/12GB+512GB, Snapdragon® 8 Elite, 6210mAh (typ) battery, 6.59'' 120Hz ultra-clear AMOLED display, 50MP triple camera with OIS, IP68 dust and water redstance",https://www.lazada.sg/products/pdp-i3568604575.html,listing options
2026-10-02,xiaomi-poco-f8-ultra,256,12.0,999.0,,lazada,POCO Official Store,"New POCO F8 Ultra Smartphone | 12GB+256GB/16GB+512GB, Snapdragon® 8 Elite Gen 5, 6500mAh (typ) battery, 50MP Light Fusion 950 with OIS, 6.9 3120Hz ultra-clear AMOLED display",https://www.lazada.sg/products/pdp-i3568837182.html,listing options
2026-10-02,xiaomi-redmi-note-15-pro-plus,256,8.0,649.0,699.0,lazada,Xiaomi Official Store,"New REDMI Note 15 Pro+ 5G Smartphone |12GB+256GB/12GB+512GB, 6500mAh battery with 100W HyperCharge, Corning® Gorilla® Glass Victus® 2, New 200MP ultimate-clarity camera, 6.83"" 1.5K CrystalRes AMOLED display, Snapdragon® 7s Gen 4",https://www.lazada.sg/products/pdp-i3608310360.html,listing options
2026-10-02,oppo-find-x9s,512,12.0,1099.0,1299.0,lazada,OPPO,OPPO Find X9s 12GB+512GB | Hasselblad 50MP 3x Optical Triple Camera | 7025mAh Battery | 80W SUPERVOOC | AI Phone | IP69,https://www.lazada.sg/products/pdp-i13766810609.html,title
2026-10-02,vivo-v70,256,8.0,799.0,,lazada,vivo,vivo V70 5G 12GB+12GB Extended RAM + 256GB | eSIM | 50MP Cameras | 6500 mAh | 90W Flash Charge | 2 Years Warranty,https://www.lazada.sg/products/pdp-i2902791067.html,title
2026-10-02,google-pixel-11-pro,256,12.0,1599.0,,lazada,Google Pixel Store,Google Pixel 11 Pro,https://www.lazada.sg/products/pdp-i13805183739.html,listing options
2026-10-02,xiaomi-redmi-note-17-pro-max,256,8.0,669.0,749.0,lazada,Xiaomi Official Store,"New Xiaomi REDMI Note 17 Pro Max 5G Smartphone|8G+256G, 10000mAh battery with 100W HyperCharge, IP66/IP68/IP69/IP69K dust and water resistance, Corning® Gorilla® Glass Victus® 2, 6.83"" 1.5K CrystalRes AMOLED display",https://www.lazada.sg/products/pdp-i3319671884.html,listing options
2026-10-02,xiaomi-poco-c71,128,4.0,189.0,199.0,lazada,POCO Official Store,"POCO C71 Smartphone | 4GB+128GB, Powerful octa-core processor, Immersive 6.88"" display",https://www.lazada.sg/products/pdp-i3426183261.html,title
2026-10-02,xiaomi-poco-c85,128,4.0,239.0,259.0,lazada,POCO Official Store,"POCO C85 Smartphone | 6GB+128GB/8GB+256GB, 6000mAh (typ) battery, Immersive 6.9"" display, Powered by 33W fast charging, octa-core processor, 50MP Al dual camera",https://www.lazada.sg/products/pdp-i3503056438.html,listing options
2026-10-02,xiaomi-redmi-17,128,4.0,299.0,,lazada,Xiaomi Official Store,"New Xiaomi REDMI 17 5G Smartphone|4G+128G/4G+256G, Massive 7500mAh (typ) battery, Powered by 45W turbo charging, Snapdragon® 4 Gen 5 with 5G, Durable Corning® Gorilla® Glass 7i",https://www.lazada.sg/products/pdp-i13835535449.html,listing options
2026-10-02,oppo-find-n6,512,16.0,2299.0,2699.0,lazada,OPPO,"OPPO Find N6 28GB (16+12GB) + 512GB / 200MP Hasselblad Telephoto / 6000mAh 80W SUPERVOOC + 50W AIRVOOC / Snapdragon 8 Elite Gen 5 / IP56,IP58,IP59",https://www.lazada.sg/products/pdp-i13658469036.html,title
2026-10-02,samsung-galaxy-s26-fe,128,8.0,968.0,1018.0,lazada,Samsung,"Samsung Galaxy S26 FE, 5G, AI Phone",https://www.lazada.sg/products/pdp-i13882289416.html,listing options
2026-10-02,vivo-y11,128,4.0,299.0,,lazada,vivo,vivo Y11 5G 4GB+4GB Extended RAM + 128GB | 6500mAh Battery | Extendable Storage 2TB | 2 Years Warranty,https://www.lazada.sg/products/pdp-i13661962102.html,title
2026-10-02,vivo-x300-fe,256,12.0,1099.0,,lazada,vivo,vivo X300 FE 5G 12GB+12GB + 256GB | Snapdragon 8 Gen 5 | Triple 50MP Camera | 6500 mAh | 2 Years Warranty,https://www.lazada.sg/products/pdp-i13729717705.html,title
2026-10-02,nothing-phone-4b,128,8.0,544.0,649.0,lazada,Nothing Singapore,[New] Nothing Phone (4b) | Essential AI | Smart Light Alerts | Dual Video Capture,https://www.lazada.sg/products/pdp-i13817448892.html,assumed base
2026-10-02,xiaomi-redmi-note-17-pro,256,6.0,469.0,549.0,lazada,Xiaomi Official Store,"New Xiaomi REDMI Note 17 Pro 5G Smartphone|6G+256G/8G+256G, 8340mAh battery with 67W HyperCharge, IP66/IP68/IP69/IP69K dust and water resistance, Corning® Gorilla® Glass Victus® 2, 6.83"" 1.5K CrystalRes AMOLED display",https://www.lazada.sg/products/pdp-i3319745633.html,listing options
2026-10-02,oneplus-nord-ce6,128,8.0,549.0,599.0,lazada,OnePlus Official Store,OnePlus Nord CE 6 | Snapdragon 7S Gen 4 | 7500mAh battery | 144Hz 1.5K AMOLED Display,https://www.lazada.sg/products/pdp-i1006182120.html,assumed base
2026-10-02,honor-400,256,8.0,599.0,,lazada,Honor Singapore,HONOR 400 5G Smartphone 256GB - 200MP Super Sensing AI Camera | 6000mAh Battery,https://www.lazada.sg/products/pdp-i3452113118.html,title
2026-10-02,xiaomi-15t-pro,256,12.0,849.0,899.0,lazada,Xiaomi Official Store,"New Xiaomi 15T Pro Smartphone | 12GB+256GB/512GB, Leica 5x Pro telephoto, MediaTek Dimensity 9400+6.83* 144Hz eye-care display, 90W wired and 50Wwireless HyperCharge",https://www.lazada.sg/products/pdp-i3528445578.html,listing options
2026-10-02,oppo-find-x9-ultra,512,12.0,1949.0,2199.0,lazada,OPPO,OPPO Find X9 Ultra 12GB +512GB/16GB+1TB | Hasselblad 50MP 10x Optical Zoom Telephoto and Dual 200MP Hasselblad Cameras | 7050mAh 100W SUPERVOOC 50W AIRVOOC,https://www.lazada.sg/products/pdp-i13693690272.html,listing options
2026-10-02,honor-magic7-pro,512,12.0,1299.0,1399.0,lazada,Honor Singapore,HONOR Magic7 Pro 5G Smartphone - (12GB+512GB / 16GB+1TB) | HONOR AI | Snapdragon 8 Elite | 200MP Telephoto Camera,https://www.lazada.sg/products/pdp-i3321859318.html,listing options
2026-10-02,honor-magic8-pro,512,12.0,1649.0,,lazada,Honor Singapore,HONOR Magic8 Pro 5G Smartphone 24(12+12)GB+512GB / 32(16+16)GB+1TB 200MP Camera | Snapdragon 8 Elite Gen 5,https://www.lazada.sg/products/pdp-i3583534158.html,listing options
2026-10-02,xiaomi-poco-f9-pro,256,12.0,879.0,899.0,lazada,POCO Official Store,"New POCO F9 Pro Smartphone|12GB+256GB/12GB+512GB, Snapdragon® 8 Elite Gen 5 V Series, 6.59"" 185Hz ultra-bright AMOLED display, 100W wired and 50W wireless HyperCharge",https://www.lazada.sg/products/pdp-i3397051819.html,listing options
2026-10-02,xiaomi-17t,256,12.0,799.0,,lazada,Xiaomi Official Store,"New Xiaomi 17T Smartphone | 12GB+256GB, Leica 5x Telephoto, Up to 120x AI Ultra Zoom, Leica Live Moment, Leica Summilux optical lens",https://www.lazada.sg/products/pdp-i13715413570.html,title
2026-10-02,vivo-y21,128,4.0,339.0,,lazada,vivo,vivo Y21 5G 6GB+6GB Extended RAM + 128GB | 6500mAh Battery | 44W Flash Charge | 2 Years Warranty,https://www.lazada.sg/products/pdp-i13661936360.html,title
2026-10-02,xiaomi-17t-pro,512,12.0,1149.0,,lazada,Xiaomi Official Store,"New Xiaomi 17T Pro Smartphone | 12GB+512GB, Leica 5x Telephoto, Up to 120x AI Ultra Zoom, Leica Live Moment, Leica Summilux optical lens",https://www.lazada.sg/products/pdp-i13716871465.html,listing options
2026-10-02,xiaomi-redmi-a7,64,3.0,179.0,,lazada,Xiaomi Official Store,"New Xiaomi REDMI A7 Smartphone|3G+64G, Immersive 6.88"" display, Massive 5200mAh battery, Sleek and refined design, Powerful octa-core processor",https://www.lazada.sg/products/pdp-i13780435985.html,listing options
2026-10-02,xiaomi-17t-pro,256,12.0,1049.0,,lazada,Xiaomi Official Store,"New Xiaomi 17T Pro Smartphone | 12GB+256GB, Leica 5x Telephoto, Up to 120x AI Ultra Zoom, Leica Live Moment, Leica Summilux optical lens",https://www.lazada.sg/products/pdp-i13715529055.html,listing options
2026-10-02,oneplus-13s,512,12.0,949.0,1099.0,lazada,OnePlus Official Store,OnePlus 13S CPH2723 | Snapdragon 8 ELite | 12+512GB | Support eSim,https://www.lazada.sg/products/pdp-i3318646528.html,title
2026-10-02,xiaomi-17-ultra,512,16.0,1799.0,,lazada,Xiaomi Official Store,"New Xiaomi 17 Ultra Smartphone | 16GB+512GB, Leica 200MP 75–100mm telephoto, Leica 1-inch ultra dynamic camera, Leica UltraPure optical design, 6000mAh (typ) Xiaomi Surge Battery, Snapdragon® 8 Elite Gen 5 Mobile Platform, Xiaomi HyperAI",https://www.lazada.sg/products/pdp-i13634989877.html,title
2026-10-02,xiaomi-redmi-note-17,256,6.0,449.0,649.0,lazada,Xiaomi Electronics Authorised Store,Redmi Note 17 5G 6G+256G,https://www.lazada.sg/products/pdp-i3325102351.html,title
2026-10-02,vivo-v70-fe,256,8.0,599.0,,lazada,vivo,vivo V70 FE 5G 8GB+8GB Extended RAM +256GB | eSIM | 200MP Camera | 7000 mAh | Underwater Photography | 2 Years Warranty,https://www.lazada.sg/products/pdp-i2192680961.html,title
2026-10-02,xiaomi-redmi-a7,64,3.0,179.0,379.0,lazada,Xiaomi Electronics Authorised Store,"REDMI A7 3G+ 64G | 6.88"" Display | 5200mAh battery",https://www.lazada.sg/products/pdp-i3429098144.html,title
2026-10-02,apple-iphone-16,128,8.0,1249.0,,apple.com/sg,Apple,iPhone 16 128GB,https://www.apple.com/sg/shop/buy-iphone/iphone-16,store
2026-10-02,apple-iphone-16,128,8.0,1249.0,,apple.com/sg,Apple,iPhone 16 128GB,https://www.apple.com/sg/shop/buy-iphone/iphone-16,store
2026-10-02,apple-iphone-17,256,8.0,1449.0,,apple.com/sg,Apple,iPhone 17 256GB,https://www.apple.com/sg/shop/buy-iphone/iphone-17,store
2026-10-02,apple-iphone-17,512,8.0,1749.0,,apple.com/sg,Apple,iPhone 17 512GB,https://www.apple.com/sg/shop/buy-iphone/iphone-17,store
2026-10-02,apple-iphone-17e,512,8.0,1399.0,,apple.com/sg,Apple,iPhone 17e 512GB,https://www.apple.com/sg/shop/buy-iphone/iphone-17e,store
2026-10-02,apple-iphone-17e,256,8.0,1099.0,,apple.com/sg,Apple,iPhone 17e 256GB,https://www.apple.com/sg/shop/buy-iphone/iphone-17e,store
2026-10-02,apple-iphone-18-pro-max,1024,12.0,2999.0,,apple.com/sg,Apple,iPhone 18 Pro Max 1TB,https://www.apple.com/sg/shop/buy-iphone/iphone-18-pro,store
2026-10-02,apple-iphone-18-pro-max,256,12.0,2099.0,,apple.com/sg,Apple,iPhone 18 Pro Max 256GB,https://www.apple.com/sg/shop/buy-iphone/iphone-18-pro,store
2026-10-02,apple-iphone-18-pro-max,512,12.0,2399.0,,apple.com/sg,Apple,iPhone 18 Pro Max 512GB,https://www.apple.com/sg/shop/buy-iphone/iphone-18-pro,store
2026-10-02,apple-iphone-18-pro-max,2048,12.0,3899.0,,apple.com/sg,Apple,iPhone 18 Pro Max 2TB,https://www.apple.com/sg/shop/buy-iphone/iphone-18-pro,store
2026-10-02,apple-iphone-18-pro,1024,12.0,2799.0,,apple.com/sg,Apple,iPhone 18 Pro 1TB,https://www.apple.com/sg/shop/buy-iphone/iphone-18-pro,store
2026-10-02,apple-iphone-18-pro,256,12.0,1899.0,,apple.com/sg,Apple,iPhone 18 Pro 256GB,https://www.apple.com/sg/shop/buy-iphone/iphone-18-pro,store
2026-10-02,apple-iphone-18-pro,2048,12.0,3699.0,,apple.com/sg,Apple,iPhone 18 Pro 2TB,https://www.apple.com/sg/shop/buy-iphone/iphone-18-pro,store
2026-10-02,apple-iphone-18-pro,512,12.0,2199.0,,apple.com/sg,Apple,iPhone 18 Pro 512GB,https://www.apple.com/sg/shop/buy-iphone/iphone-18-pro,store
2026-10-02,apple-iphone-air,512,12.0,2049.0,,apple.com/sg,Apple,iPhone Air 512GB,https://www.apple.com/sg/shop/buy-iphone/iphone-air,store
2026-10-02,apple-iphone-air,1024,12.0,2649.0,,apple.com/sg,Apple,iPhone Air 1TB,https://www.apple.com/sg/shop/buy-iphone/iphone-air,store
2026-10-02,apple-iphone-air,256,12.0,1749.0,,apple.com/sg,Apple,iPhone Air 256GB,https://www.apple.com/sg/shop/buy-iphone/iphone-air,store
2026-10-02,google-pixel-11-pro,256,12.0,1599.0,,store.google.com/sg,Google,Google Pixel 11 Pro,https://store.google.com/sg/product/pixel_11_pro,store
2026-10-02,google-pixel-11,256,12.0,1299.0,,store.google.com/sg,Google,Google Pixel 11,https://store.google.com/sg/product/pixel_11,store
2026-10-02,google-pixel-10a,128,8.0,899.0,,store.google.com/sg,Google,Google Pixel 10a,https://store.google.com/sg/product/pixel_10a,store
2026-10-02,google-pixel-10-pro,128,16.0,1459.0,,store.google.com/sg,Google,Google Pixel 10 Pro,https://store.google.com/sg/product/pixel_10_pro,store
2026-10-02,google-pixel-10,128,12.0,1199.0,,store.google.com/sg,Google,Google Pixel 10,https://store.google.com/sg/product/pixel_10,store
2026-10-02,google-pixel-9a,128,8.0,799.0,,store.google.com/sg,Google,Google Pixel 9a,https://store.google.com/sg/product/pixel_9a,store
2026-10-06,oneplus-nord-ce6,256,8.0,549.0,599.0,lazada,OnePlus Official Store,OnePlus Nord CE 6 | Snapdragon 7S Gen 4 | 7500mAh battery | 144Hz 1.5K AMOLED Display,https://www.lazada.sg/products/pdp-i1006182120.html,listing options
2026-10-06,vivo-v70-fe,256,8.0,599.0,,lazada,vivo,vivo V70 FE 5G 8GB+8GB Extended RAM +256GB | eSIM | 200MP Camera | 7000 mAh | Underwater Photography | 2 Years Warranty,https://www.lazada.sg/products/pdp-i2192680961.html,title
2026-10-06,vivo-v70,256,8.0,799.0,,lazada,vivo,vivo V70 5G 12GB+12GB Extended RAM + 256GB | eSIM | 50MP Cameras | 6500 mAh | 90W Flash Charge | 2 Years Warranty,https://www.lazada.sg/products/pdp-i2902791067.html,title
2026-10-06,honor-600,256,8.0,879.0,,lazada,Honor Singapore,[NEW] HONOR 600 5G Smartphone | 28(12+16)GB+256GB | 200MP Ultra-Clear Night Camera | 7000mAh Long Battery Life,https://www.lazada.sg/products/pdp-i3116367604.html,title
2026-10-06,honor-600-pro,512,12.0,1209.0,,lazada,Honor Singapore,[NEW] HONOR 600 Pro 5G Smartphone | 28(12+16)GB+512GB | Snapdragon 8 Elite | 7000mAh Long Battery Life,https://www.lazada.sg/products/pdp-i3116435429.html,title
2026-10-06,oppo-reno13,256,8.0,519.0,799.0,lazada,OPPO,OPPO Reno13 5G 24(12+12GB)+256GB / AI Livephoto & Editor / IP69 Water & Dust Resistance / 5600mAh Battery / 80W SUPERVOOC / 2 Years Local Warranty,https://www.lazada.sg/products/pdp-i3296475684.html,title
2026-10-06,xiaomi-redmi-note-17,128,6.0,319.0,369.0,lazada,Xiaomi Official Store,"New Xiaomi REDMI Note 17 Smartphone|6G+128G/6G+256G, 7700mAh battery with 45W turbo charging, 6.99"" FHD+ eye-care AMOLED display, Corning® Gorilla® Glass 7i, IP65 dust and water resistance",https://www.lazada.sg/products/pdp-i3314827151.html,listing options
2026-10-06,oneplus-13s,512,12.0,949.0,1099.0,lazada,OnePlus Official Store,OnePlus 13S CPH2723 | 16GB+512GB | Snapdragon 8 ELite | 12+512GB | Support eSim,https://www.lazada.sg/products/pdp-i3318646528.html,listing options
2026-10-06,xiaomi-redmi-note-17-pro-max,256,8.0,669.0,749.0,lazada,Xiaomi Official Store,"New Xiaomi REDMI Note 17 Pro Max 5G Smartphone|8G+256G, 10000mAh battery with 100W HyperCharge, IP66/IP68/IP69/IP69K dust and water resistance, Corning® Gorilla® Glass Victus® 2, 6.83"" 1.5K CrystalRes AMOLED display",https://www.lazada.sg/products/pdp-i3319671884.html,listing options
2026-10-06,xiaomi-redmi-note-17,256,6.0,399.0,449.0,lazada,Xiaomi Official Store,"New Xiaomi REDMI Note 17 5G Smartphone|6G+256G, 7700mAh battery with 45W turbo charging, 6.99"" FHD+ eye-care AMOLED display, Corning® Gorilla® Glass 7i, IP65 dust and water resistance",https://www.lazada.sg/products/pdp-i3319676929.html,listing options
2026-10-06,xiaomi-redmi-note-17-pro,256,6.0,469.0,549.0,lazada,Xiaomi Official Store,"New Xiaomi REDMI Note 17 Pro 5G Smartphone|6G+256G/8G+256G, 8340mAh battery with 67W HyperCharge, IP66/IP68/IP69/IP69K dust and water resistance, Corning® Gorilla® Glass Victus® 2, 6.83"" 1.5K CrystalRes AMOLED display",https://www.lazada.sg/products/pdp-i3319745633.html,listing options
2026-10-06,honor-magic7-pro,512,12.0,1299.0,1399.0,lazada,Honor Singapore,HONOR Magic7 Pro 5G Smartphone - (12GB+512GB / 16GB+1TB) | HONOR AI | Snapdragon 8 Elite | 200MP Telephoto Camera,https://www.lazada.sg/products/pdp-i3321859318.html,listing options
2026-10-06,xiaomi-redmi-note-17,256,6.0,398.0,649.0,lazada,Xiaomi Electronics Authorised Store,Redmi Note 17 5G 6G+256G,https://www.lazada.sg/products/pdp-i3325102351.html,title
2026-10-06,oppo-find-n5,512,16.0,1599.0,2499.0,lazada,OPPO,OPPO Find N5 28GB (16+12GB) + 512GB / 8.9mm Slim / 8.12” + 6.62” Display / 5600mAh + 80W SUPERVOOC + 50W AIRVOOC / Snapdragon 8 Elite / IPX9,https://www.lazada.sg/products/pdp-i3356718517.html,title
2026-10-06,apple-iphone-16e,512,8.0,1265.0,1399.0,lazada,Apple Flagship Store,Apple iPhone 16e,https://www.lazada.sg/products/pdp-i3372113250.html,listing options
2026-10-06,oppo-reno13-f,256,8.0,479.0,599.0,lazada,OPPO,OPPO Reno13 F 5G 24(12+12GB)+256GB / 2 Year Local Warranty / Snapdragon® 6 Gen 1 / IP69 Resistance / 5800mAh Battery,https://www.lazada.sg/products/pdp-i3394303255.html,title
2026-10-06,xiaomi-poco-f9-ultra,256,12.0,1299.0,1399.0,lazada,POCO Official Store,"New POCO F9 Ultra Smartphone|12GB+256GB/16GB+512GB/16GB+1TB, Snapdragon® 8 Elite Gen 5 Mobile Platform, Massive 8050mAh (typ) battery, 6.9"" 185Hz ultra-bright AMOLED display",https://www.lazada.sg/products/pdp-i3396910952.html,listing options
2026-10-06,xiaomi-poco-f9-pro,256,12.0,879.0,899.0,lazada,POCO Official Store,"New POCO F9 Pro Smartphone|12GB+256GB/12GB+512GB, Snapdragon® 8 Elite Gen 5 V Series, 6.59"" 185Hz ultra-bright AMOLED display, 100W wired and 50W wireless HyperCharge",https://www.lazada.sg/products/pdp-i3397051819.html,listing options
2026-10-06,xiaomi-poco-c71,128,4.0,189.0,199.0,lazada,POCO Official Store,"POCO C71 Smartphone | 4GB+128GB, Powerful octa-core processor, Immersive 6.88"" display",https://www.lazada.sg/products/pdp-i3426183261.html,title
2026-10-06,xiaomi-redmi-a7,64,3.0,178.5,379.0,lazada,Xiaomi Electronics Authorised Store,"REDMI A7 3G+ 64G | 6.88"" Display | 5200mAh battery",https://www.lazada.sg/products/pdp-i3429098144.html,title
2026-10-06,honor-400-pro,256,12.0,899.0,,lazada,Honor Singapore,HONOR 400 Pro 5G Smartphone - 200MP AI Imaging Quality 6000mAh Snapdragon 8 Gen 3,https://www.lazada.sg/products/pdp-i3452034426.html,assumed base
2026-10-06,honor-400,256,8.0,599.0,,lazada,Honor Singapore,HONOR 400 5G Smartphone 256GB - 200MP Super Sensing AI Camera | 6000mAh Battery,https://www.lazada.sg/products/pdp-i3452113118.html,title
2026-10-06,oppo-reno14,256,8.0,609.0,749.0,lazada,OPPO,OPPO Reno14 5G 24 (12+12GB)+256GB / 24-Months Multi-Region Warranty / 6000mAh + 80W SUPERVOOC / eSIM Capable,https://www.lazada.sg/products/pdp-i3454737462.html,title
2026-10-06,oneplus-nord-6,512,12.0,799.0,899.0,lazada,OnePlus Official Store,OnePlus Nord 6 | Snapdragon 8s Gen 4 | 165Hz Display | 7500mAh Battery | Military-grade standards,https://www.lazada.sg/products/pdp-i3500219144.html,listing options
2026-10-06,xiaomi-poco-m7,128,6.0,309.0,,lazada,POCO Official Store,"POCO M7 Smartphone | 6GB+128GB/8GB+256GB, 7000mAh (typ) battery, 6.9"" FHD+ display, Powerful Snapdragon® 685",https://www.lazada.sg/products/pdp-i3501924408.html,listing options
2026-10-06,xiaomi-poco-c85,128,4.0,239.0,259.0,lazada,POCO Official Store,"POCO C85 Smartphone | 6GB+128GB/8GB+256GB, 6000mAh (typ) battery, Immersive 6.9"" display, Powered by 33W fast charging, octa-core processor, 50MP Al dual camera",https://www.lazada.sg/products/pdp-i3503056438.html,listing options
2026-10-06,apple-iphone-17,256,8.0,1375.0,1449.0,lazada,Apple Flagship Store,Apple iPhone 17,https://www.lazada.sg/products/pdp-i3519316914.html,listing options
2026-10-06,samsung-galaxy-a07-4g,128,4.0,258.0,,lazada,Samsung,Samsung Galaxy A07 LTE,https://www.lazada.sg/products/pdp-i3520981239.html,listing options
2026-10-06,samsung-galaxy-a17,128,4.0,428.0,,lazada,Samsung,Samsung Galaxy A17 5G,https://www.lazada.sg/products/pdp-i3521013091.html,listing options
2026-10-06,apple-iphone-air,256,12.0,1599.0,,lazada,Apple Flagship Store,Apple iPhone Air,https://www.lazada.sg/products/pdp-i3524354914.html,listing options
2026-10-06,apple-iphone-17-pro,256,12.0,1598.0,1749.0,lazada,Apple Flagship Store,Apple iPhone 17 Pro,https://www.lazada.sg/products/pdp-i3524457699.html,listing options
2026-10-06,apple-iphone-17-pro-max,256,12.0,1748.0,1899.0,lazada,Apple Flagship Store,Apple iPhone 17 Pro Max,https://www.lazada.sg/products/pdp-i3528927556.html,listing options
2026-10-06,samsung-galaxy-a17,128,4.0,328.0,,lazada,Samsung,Samsung Galaxy A17 5G (Online Exclusive),https://www.lazada.sg/products/pdp-i3555365070.html,listing options
2026-10-06,xiaomi-poco-f8-pro,256,12.0,799.0,,lazada,POCO Official Store,"New POCO F8 Pro Smartphone | 12GB+256GB/12GB+512GB, Snapdragon® 8 Elite, 6210mAh (typ) battery, 6.59'' 120Hz ultra-clear AMOLED display, 50MP triple camera with OIS, IP68 dust and water redstance",https://www.lazada.sg/products/pdp-i3568604575.html,listing options
2026-10-06,xiaomi-poco-f8-ultra,256,12.0,999.0,,lazada,POCO Official Store,"New POCO F8 Ultra Smartphone | 12GB+256GB/16GB+512GB, Snapdragon® 8 Elite Gen 5, 6500mAh (typ) battery, 50MP Light Fusion 950 with OIS, 6.9 3120Hz ultra-clear AMOLED display",https://www.lazada.sg/products/pdp-i3568837182.html,listing options
2026-10-06,vivo-x300,512,12.0,1299.0,,lazada,vivo,vivo X300 5G 16GB+16GB Extended RAM + 512GB | 200MP Main Camera | Dimensity 9500 | eSIM | 90W Flash Charge | 2 Years Warranty,https://www.lazada.sg/products/pdp-i3571875059.html,title
2026-10-06,honor-magic8-pro,512,12.0,1649.0,,lazada,Honor Singapore,HONOR Magic8 Pro 5G Smartphone 24(12+12)GB+512GB / 32(16+16)GB+1TB 200MP Camera | Snapdragon 8 Elite Gen 5,https://www.lazada.sg/products/pdp-i3583534158.html,listing options
2026-10-06,oneplus-15,256,12.0,1329.0,1399.0,lazada,OnePlus Official Store,OnePlus 15 | Snapdragon 8 Elite Gen 5 | Support eSim NFC VoLTE SingPass,https://www.lazada.sg/products/pdp-i3584276544.html,listing options
2026-10-06,oneplus-15r,256,12.0,918.0,939.0,lazada,OnePlus Official Store,OnePlus 15R | Snapdragon 8 Gen 5 | Support eSim NFC VoLTE Singpass,https://www.lazada.sg/products/pdp-i3607584470.html,listing options
2026-10-06,xiaomi-poco-m8,256,8.0,339.0,359.0,lazada,POCO Official Store,"New POCO M8 5G Smartphone |8GB+256GB/8GB+512GB, 7.35mm sleek 3D-curved design｜6.77""120Hz Flow AMOLED display｜50MP AI dual camera system｜Supports 45W turbo charging",https://www.lazada.sg/products/pdp-i3608154483.html,listing options
2026-10-06,xiaomi-poco-m8-pro,256,8.0,399.0,449.0,lazada,POCO Official Store,"New POCO M8 Pro 5G Smartphone |8GB+256GB/12GB+512GB, Massive 6500mAh (typ)battery｜6.83""CrystalRes 1.5K AMOLED display｜Snapdragon® 7s Gen 4｜50MP Light Fusion 800 with OIS",https://www.lazada.sg/products/pdp-i3608192268.html,listing options
2026-10-06,oppo-a6x,128,4.0,299.0,,lazada,OPPO,OPPO A6x 5G 8(4+4GB) + 128GB | 6500mAh Battery | NFC Capable | 50MP Camera | 120Hz Display IP64 Dust & Water Resistance | 2 Years Local Warranty,https://www.lazada.sg/products/pdp-i3608293250.html,title
2026-10-06,xiaomi-redmi-note-15-pro-plus,256,8.0,649.0,699.0,lazada,Xiaomi Official Store,"New REDMI Note 15 Pro+ 5G Smartphone |12GB+256GB/12GB+512GB, 6500mAh battery with 100W HyperCharge, Corning® Gorilla® Glass Victus® 2, New 200MP ultimate-clarity camera, 6.83"" 1.5K CrystalRes AMOLED display, Snapdragon® 7s Gen 4",https://www.lazada.sg/products/pdp-i3608310360.html,listing options
2026-10-06,oppo-reno15,512,8.0,829.0,,lazada,OPPO,OPPO Reno15 5G 24GB (12+12) + 512GB | 50MP Ultra Wide Selfie Camera | 3.5x Telephoto | eSIM | 6500mAh | 80W SUPERVOOC | 24 Months Multi Region Warranty,https://www.lazada.sg/products/pdp-i3623008969.html,title
2026-10-06,oppo-reno15-f,256,8.0,599.0,,lazada,OPPO,"OPPO Reno15 F 5G 16GB (8+8) + 512GB | 50MP Ultra Wide Selfie Camera | eSIM | 120Hz AMOLED | 6500mAh | 80W SUPERVOOC | 24 Months Multi-Region Warranty valid in SG, MY, ID, TH, PH, KH, TW",https://www.lazada.sg/products/pdp-i3623016963.html,listing options
2026-10-06,realme-gt-8-pro,512,12.0,1286.01,1499.0,lazada,realme Singapore,realme GT 8 Pro 28GB(16+12)+512GB| Snapdragon 8 EliteGen 5 | 120W Charge+50W Wireless+7000mAh | 200MP Camera,https://www.lazada.sg/products/pdp-i3623716001.html,title
2026-10-06,realme-15-pro,512,12.0,671.04,699.0,lazada,realme Singapore,realme 15 Pro 26(12+14)+512GB | Triple 50MP AI Camera | Snapdragon 7 Gen 4 | 7000mAh + 80W Ultra Charge,https://www.lazada.sg/products/pdp-i3633737618.html,title
2026-10-06,samsung-galaxy-s26-ultra,256,12.0,1478.0,2028.0,lazada,Samsung,"Samsung Galaxy S26 Ultra, 5G, AI Phone",https://www.lazada.sg/products/pdp-i3649537957.html,listing options
2026-10-06,samsung-galaxy-s26,256,12.0,1228.0,1588.0,lazada,Samsung,"Samsung Galaxy S26, 5G, AI Phone",https://www.lazada.sg/products/pdp-i3649632742.html,listing options
2026-10-06,samsung-galaxy-s26-plus,256,12.0,1228.0,1778.0,lazada,Samsung,"Samsung Galaxy S26+, 5G, AI Phone",https://www.lazada.sg/products/pdp-i3649633796.html,listing options
2026-10-06,apple-iphone-18-pro,256,12.0,1899.0,,lazada,Apple Flagship Store,Apple iPhone 18 Pro,https://www.lazada.sg/products/pdp-i13911208159.html,listing options
2026-10-06,apple-iphone-18-pro-max,256,12.0,2099.0,,lazada,Apple Flagship Store,Apple iPhone 18 Pro Max,https://www.lazada.sg/products/pdp-i13907853520.html,listing options
2026-10-06,apple-iphone-17e,256,8.0,1042.0,1099.0,lazada,Apple Flagship Store,Apple iPhone 17e,https://www.lazada.sg/products/pdp-i13657366590.html,listing options
2026-10-06,oppo-a6c,64,4.0,189.0,,lazada,OPPO,[NEW] OPPO A6c 12(4+8GB) + 128GB | 7000mAh Battery | IP64 Rating | 120Hz HD+ LCD Display | 2 Years Local Warranty,https://www.lazada.sg/products/pdp-i13816459003.html,listing options
2026-10-06,xiaomi-redmi-a7-pro,128,4.0,209.0,,lazada,Xiaomi Official Store,"REDMI A7 Pro smartphone | 4G+128G, Immersive 6.9"" display, Massive 6000mAh battery, Powered by Xiaomi HyperOS, Powerful octa-core processor",https://www.lazada.sg/products/pdp-i13682081893.html,title
2026-10-06,samsung-galaxy-a57,128,8.0,628.0,678.0,lazada,Samsung,Samsung Galaxy A57 5G,https://www.lazada.sg/products/pdp-i13682747791.html,listing options
2026-10-06,samsung-galaxy-a37,128,6.0,498.0,548.0,lazada,Samsung,Samsung Galaxy A37 5G,https://www.lazada.sg/products/pdp-i13683390839.html,listing options
2026-10-06,samsung-galaxy-a27,128,6.0,408.0,458.0,lazada,Samsung,Samsung Galaxy A27 5G,https://www.lazada.sg/products/pdp-i13841565951.html,listing options
2026-10-06,xiaomi-redmi-17c,128,4.0,279.0,,lazada,Xiaomi Official Store,"New Xiaomi REDMI 17C 5G Smartphone|4G+128G, Immersive 6.9"" display, Massive 6000mAh (typ) battery",https://www.lazada.sg/products/pdp-i13837412517.html,listing options
2026-10-06,vivo-y05,64,4.0,229.0,,lazada,vivo,vivo Y05 4GB+4GB Extended RAM + 64GB/128GB | 6500mAh Battery | Extendable Storage 2TB | 2 Years Warranty,https://www.lazada.sg/products/pdp-i13661740411.html,listing options
2026-10-06,google-pixel-10a,128,8.0,899.0,,lazada,Google Pixel Store,Google Pixel 10a,https://www.lazada.sg/products/pdp-i13635990741.html,listing options
2026-10-06,xiaomi-poco-c81-pro,128,4.0,209.0,229.0,lazada,POCO Official Store,"New POCO C81 Pro Smartphone | 4G+128G/4G+256G, Immersive 6.9"" display, Massive 6000mAh(typ) battery, Powerful octa-core processor, Sleek and refined design, 13MP AI dual camera",https://www.lazada.sg/products/pdp-i13719730202.html,listing options
2026-10-06,honor-600-lite,256,8.0,539.0,571.0,lazada,Honor Singapore,"HONOR 600 Lite 5G Smartphone 16(8+8)GB+256GB NFC 6520mAh Battery 6.6"" AMOLED Display",https://www.lazada.sg/products/pdp-i13654712848.html,title
2026-10-06,xiaomi-poco-x8,256,8.0,479.0,499.0,lazada,POCO Official Store,"New POCO X8 Smartphone|8G+256G, Massive 8340mAh battery with 67W HyperCharge, 6.83"" 1.5K ultra-bright AMOLED display, Segmented pattern design and solid build, IP66/IP68/IP69/IP69K dust and water resistance",https://www.lazada.sg/products/pdp-i13864589674.html,listing options
2026-10-06,nothing-phone-4a,256,8.0,744.0,749.0,lazada,Nothing Singapore,[New] Nothing Phone (4a) | Improved Essential AI | 50MP telephoto with OIS | 1.5K 120Hz AMOLED | Snapdragon 7s Gen 4,https://www.lazada.sg/products/pdp-i13680738581.html,listing options
2026-10-06,google-pixel-11,256,12.0,1299.0,,lazada,Google Pixel Store,Google Pixel 11,https://www.lazada.sg/products/pdp-i13806768957.html,listing options
2026-10-06,google-pixel-11-pro,256,12.0,1599.0,,lazada,Google Pixel Store,Google Pixel 11 Pro,https://www.lazada.sg/products/pdp-i13805183739.html,listing options
2026-10-06,honor-x5d-plus,128,4.0,269.0,,lazada,Honor Singapore,HONOR X5d Plus 8(4+4)GB+128GB 4G Smartphone - 5260mAh Large Battery | 50MP Dual Camera,https://www.lazada.sg/products/pdp-i13763370345.html,title
2026-10-06,xiaomi-poco-x8-pro,256,8.0,599.0,649.0,lazada,POCO Official Store,"New POCO X8 Pro Smartphone | 8GB+256GB/12GB+512GB, Flagship Dimensity 8500-Ultra, 6500mAh (typ) battery with 100W HyperCharge, 1.5K 120Hz ultra-bright AMOLED display, 50MP Sony IMX882 with OIS",https://www.lazada.sg/products/pdp-i13659453349.html,listing options
2026-10-06,google-pixel-11-pro-xl,256,12.0,1819.0,,lazada,Google Pixel Store,Google Pixel 11 Pro XL,https://www.lazada.sg/products/pdp-i13807052280.html,listing options
2026-10-06,xiaomi-poco-x8-pro-max,256,12.0,789.0,799.0,lazada,POCO Official Store,"New POCO X8 Pro Max Smartphone | 12GB+256GB/12GB+512GB, Flagship Dimensity 9500s, Flagship quality with premium feel, 8500mAh (typ) battery with 100W HyperCharge, 6.83"""" 1.5K 120Hz ultra-bright AMOLED display",https://www.lazada.sg/products/pdp-i13659776323.html,listing options
2026-10-06,honor-x7e,256,6.0,379.0,395.0,lazada,Honor Singapore,"HONOR X7e Smartphone 12(6+6)GB+256GB 7,500mAh Battery | SGS Premium Performance Certification | IP64 Water & Dust Resistance",https://www.lazada.sg/products/pdp-i13758740784.html,title
2026-10-06,oppo-reno16,256,8.0,899.0,,lazada,OPPO,OPPO Reno16 5G 12GB + 256GB | 50MP Camera | eSIM | 120Hz AMOLED | 6700mAh | 80W SUPERVOOC | 24 Months Warranty,https://www.lazada.sg/products/pdp-i13792203750.html,title
2026-10-06,vivo-x300-fe,256,12.0,1099.0,,lazada,vivo,vivo X300 FE 5G 12GB+12GB + 256GB | Snapdragon 8 Gen 5 | Triple 50MP Camera | 6500 mAh | 2 Years Warranty,https://www.lazada.sg/products/pdp-i13729717705.html,title
2026-10-06,oppo-find-x9s,512,12.0,1099.0,1299.0,lazada,OPPO,OPPO Find X9s 12GB+512GB | Hasselblad 50MP 3x Optical Triple Camera | 7025mAh Battery | 80W SUPERVOOC | AI Phone | IP69,https://www.lazada.sg/products/pdp-i13766810609.html,title
2026-10-06,xiaomi-redmi-17,128,4.0,299.0,,lazada,Xiaomi Official Store,"New Xiaomi REDMI 17 5G Smartphone|4G+128G/4G+256G, Massive 7500mAh (typ) battery, Powered by 45W turbo charging, Snapdragon® 4 Gen 5 with 5G, Durable Corning® Gorilla® Glass 7i",https://www.lazada.sg/products/pdp-i13835535449.html,listing options
2026-10-06,oppo-find-n6,512,16.0,2299.0,2699.0,lazada,OPPO,"OPPO Find N6 28GB (16+12GB) + 512GB / 200MP Hasselblad Telephoto / 6000mAh 80W SUPERVOOC + 50W AIRVOOC / Snapdragon 8 Elite Gen 5 / IP56,IP58,IP59",https://www.lazada.sg/products/pdp-i13658469036.html,title
2026-10-06,samsung-galaxy-s26-fe,128,8.0,968.0,1018.0,lazada,Samsung,"Samsung Galaxy S26 FE, 5G, AI Phone",https://www.lazada.sg/products/pdp-i13882289416.html,listing options
2026-10-06,xiaomi-17t-pro,512,12.0,1149.0,,lazada,Xiaomi Official Store,"New Xiaomi 17T Pro Smartphone | 12GB+512GB, Leica 5x Telephoto, Up to 120x AI Ultra Zoom, Leica Live Moment, Leica Summilux optical lens",https://www.lazada.sg/products/pdp-i13716871465.html,listing options
2026-10-06,xiaomi-17t,256,12.0,799.0,,lazada,Xiaomi Official Store,"New Xiaomi 17T Smartphone | 12GB+256GB, Leica 5x Telephoto, Up to 120x AI Ultra Zoom, Leica Live Moment, Leica Summilux optical lens",https://www.lazada.sg/products/pdp-i13715413570.html,title
2026-10-06,oppo-find-x9-ultra,512,12.0,1949.0,2199.0,lazada,OPPO,OPPO Find X9 Ultra 12GB +512GB/16GB+1TB | Hasselblad 50MP 10x Optical Zoom Telephoto and Dual 200MP Hasselblad Cameras | 7050mAh 100W SUPERVOOC 50W AIRVOOC,https://www.lazada.sg/products/pdp-i13693690272.html,listing options
2026-10-06,vivo-y11,128,4.0,299.0,,lazada,vivo,vivo Y11 5G 4GB+4GB Extended RAM + 128GB | 6500mAh Battery | Extendable Storage 2TB | 2 Years Warranty,https://www.lazada.sg/products/pdp-i13661962102.html,title
2026-10-06,nothing-phone-4b,128,8.0,544.0,649.0,lazada,Nothing Singapore,[New] Nothing Phone (4b) | Essential AI | Smart Light Alerts | Dual Video Capture,https://www.lazada.sg/products/pdp-i13817448892.html,assumed base
2026-10-06,vivo-y21,128,4.0,339.0,,lazada,vivo,vivo Y21 5G 6GB+6GB Extended RAM + 128GB | 6500mAh Battery | 44W Flash Charge | 2 Years Warranty,https://www.lazada.sg/products/pdp-i13661936360.html,title
2026-10-06,xiaomi-17t-pro,256,12.0,1049.0,,lazada,Xiaomi Official Store,"New Xiaomi 17T Pro Smartphone | 12GB+256GB, Leica 5x Telephoto, Up to 120x AI Ultra Zoom, Leica Live Moment, Leica Summilux optical lens",https://www.lazada.sg/products/pdp-i13715529055.html,listing options
2026-10-06,xiaomi-17-ultra,512,16.0,1799.0,,lazada,Xiaomi Official Store,"New Xiaomi 17 Ultra Smartphone | 16GB+512GB, Leica 200MP 75–100mm telephoto, Leica 1-inch ultra dynamic camera, Leica UltraPure optical design, 6000mAh (typ) Xiaomi Surge Battery, Snapdragon® 8 Elite Gen 5 Mobile Platform, Xiaomi HyperAI",https://www.lazada.sg/products/pdp-i13634989877.html,title
2026-10-06,xiaomi-redmi-a7,64,3.0,179.0,,lazada,Xiaomi Official Store,"New Xiaomi REDMI A7 Smartphone|3G+64G, Immersive 6.88"" display, Massive 5200mAh battery, Sleek and refined design, Powerful octa-core processor",https://www.lazada.sg/products/pdp-i13780435985.html,listing options
2026-10-06,xiaomi-redmi-note-17-pro-max,512,8.0,769.0,849.0,lazada,Xiaomi Official Store,"New Xiaomi REDMI Note 17 Pro Max 5G Smartphone|8G+512G, 10000mAh battery with 100W HyperCharge, IP66/IP68/IP69/IP69K dust and water resistance, Corning® Gorilla® Glass Victus® 2, 6.83"" 1.5K CrystalRes AMOLED display",https://www.lazada.sg/products/pdp-i13900351490.html,listing options
2026-10-06,xiaomi-poco-c95-pro,128,6.0,289.0,299.0,lazada,POCO Official Store,"New POCO C95 Pro Smartphone |6G+128G/8G+256G,7500mAh battery with 45W turbo charging,Massive 7500mAh(typ) battery,Up to 91 hours of musicplayback,Powered by 45W turbocharging.",https://www.lazada.sg/products/pdp-i13936083069.html,listing options
2026-10-06,oppo-a7-pro-max,256,6.0,599.0,699.0,lazada,OPPO,"OPPO A7 Pro Max 5G 24(8+16GB) + 256GB | 10,000mAh Battery | 80W SUPERVOOC | 50MP Camera | eSIM | 2 Years Local Warranty",https://www.lazada.sg/products/pdp-i13926989159.html,title
2026-10-06,oppo-reno16-f,256,8.0,699.0,,lazada,OPPO,OPPO Reno16 F 5G 8GB + 256GB | 50MP Camera | eSIM | 120Hz AMOLED | 6500mAh | 45W SUPERVOOC | 24 Months Warranty,https://www.lazada.sg/products/pdp-i13793806774.html,title
2026-10-06,vivo-v80-lite,128,6.0,499.0,,lazada,vivo,vivo V80 Lite 5G 6GB+128GB / 8GB+256GB | 10000 mAh Battery | 44W Flash Charge | 2000nits brightness | 2 Years Warranty,https://www.lazada.sg/products/pdp-i13926795743.html,listing options
2026-10-06,honor-x9e-pro,256,8.0,529.0,,lazada,Honor Singapore,"[New] HONOR X9e Pro 5G Smartphone | Extreme Drop-Resistance | Extreme 11,000 mAh Massive Battery | 108MP OIS Camera",https://www.lazada.sg/products/pdp-i13911255256.html,listing options
2026-10-06,honor-x6e,128,4.0,289.0,,lazada,Honor Singapore,[NEW] HONOR X6e 8(4+4)GB+128GB Smartphone 7500mAh | IP64 Water & Dust Resistance | 50MP AI Ultra-Clear | 120Hz Display,https://www.lazada.sg/products/pdp-i13929278007.html,title
2026-10-06,realme-gt-7t,256,8.0,699.84,729.0,lazada,realme Singapore,"Realme GT 7T 5G AI Smartphone (12GB RAM, 256GB Storage) | 6.8"" 120Hz AMOLED | 50MP Dual Camera | 7000mAh | 120W Charging",https://www.lazada.sg/products/pdp-i13865109949.html,title
2026-10-06,realme-c100,256,4.0,344.64,359.0,lazada,realme Singapore,realme C100 5G (4+256GB) | 7000mAh Titan Battery | 144hz Ultra Smooth Display | IP64 Dust & Water Resistance,https://www.lazada.sg/products/pdp-i13793561158.html,listing options
2026-10-06,realme-16-pro,256,8.0,728.64,759.0,lazada,realme Singapore,realme 16 Pro 5G (12+256GB) | 7000mAh + 80W | 200MP MultiFocal Camera | Dimensity 7300 Max 5G,https://www.lazada.sg/products/pdp-i13795194972.html,listing options
2026-10-06,realme-16-pro-plus,512,8.0,872.64,909.0,lazada,realme Singapore,realme 16 Pro+ 5G (12+512GB) | 7000mAh+80W | 200MP Full Focal Camera+3.5x Telephoto Portrait,https://www.lazada.sg/products/pdp-i13793465672.html,listing options
2026-10-06,realme-16t,256,8.0,488.64,509.0,lazada,realme Singapore,realme 16T 5G (8+256GB) | 8000mAh Titan Battery | 50MP Sony IMX852 AI Camera | 6-Year Smooth Performance,https://www.lazada.sg/products/pdp-i13793503514.html,listing options
2026-10-06,realme-16,256,8.0,584.64,609.0,lazada,realme Singapore,realme 16 5G (8+256GB) | Selfie Mirror | 50MP Front & Sony Rear AI Cameras | 7000mAh Titan Battery,https://www.lazada.sg/products/pdp-i13793523465.html,listing options
2026-10-06,apple-iphone-16,128,8.0,1249.0,,apple.com/sg,Apple,iPhone 16 128GB,https://www.apple.com/sg/shop/buy-iphone/iphone-16,store
2026-10-06,apple-iphone-16,128,8.0,1249.0,,apple.com/sg,Apple,iPhone 16 128GB,https://www.apple.com/sg/shop/buy-iphone/iphone-16,store
2026-10-06,apple-iphone-17,256,8.0,1449.0,,apple.com/sg,Apple,iPhone 17 256GB,https://www.apple.com/sg/shop/buy-iphone/iphone-17,store
2026-10-06,apple-iphone-17,512,8.0,1749.0,,apple.com/sg,Apple,iPhone 17 512GB,https://www.apple.com/sg/shop/buy-iphone/iphone-17,store
2026-10-06,apple-iphone-17e,512,8.0,1399.0,,apple.com/sg,Apple,iPhone 17e 512GB,https://www.apple.com/sg/shop/buy-iphone/iphone-17e,store
2026-10-06,apple-iphone-17e,256,8.0,1099.0,,apple.com/sg,Apple,iPhone 17e 256GB,https://www.apple.com/sg/shop/buy-iphone/iphone-17e,store
2026-10-06,apple-iphone-18-pro-max,1024,12.0,2999.0,,apple.com/sg,Apple,iPhone 18 Pro Max 1TB,https://www.apple.com/sg/shop/buy-iphone/iphone-18-pro,store
2026-10-06,apple-iphone-18-pro-max,256,12.0,2099.0,,apple.com/sg,Apple,iPhone 18 Pro Max 256GB,https://www.apple.com/sg/shop/buy-iphone/iphone-18-pro,store
2026-10-06,apple-iphone-18-pro-max,2048,12.0,3899.0,,apple.com/sg,Apple,iPhone 18 Pro Max 2TB,https://www.apple.com/sg/shop/buy-iphone/iphone-18-pro,store
2026-10-06,apple-iphone-18-pro-max,512,12.0,2399.0,,apple.com/sg,Apple,iPhone 18 Pro Max 512GB,https://www.apple.com/sg/shop/buy-iphone/iphone-18-pro,store
2026-10-06,apple-iphone-18-pro,1024,12.0,2799.0,,apple.com/sg,Apple,iPhone 18 Pro 1TB,https://www.apple.com/sg/shop/buy-iphone/iphone-18-pro,store
2026-10-06,apple-iphone-18-pro,256,12.0,1899.0,,apple.com/sg,Apple,iPhone 18 Pro 256GB,https://www.apple.com/sg/shop/buy-iphone/iphone-18-pro,store
2026-10-06,apple-iphone-18-pro,2048,12.0,3699.0,,apple.com/sg,Apple,iPhone 18 Pro 2TB,https://www.apple.com/sg/shop/buy-iphone/iphone-18-pro,store
2026-10-06,apple-iphone-18-pro,512,12.0,2199.0,,apple.com/sg,Apple,iPhone 18 Pro 512GB,https://www.apple.com/sg/shop/buy-iphone/iphone-18-pro,store
2026-10-06,apple-iphone-air,512,12.0,2049.0,,apple.com/sg,Apple,iPhone Air 512GB,https://www.apple.com/sg/shop/buy-iphone/iphone-air,store
2026-10-06,apple-iphone-air,1024,12.0,2649.0,,apple.com/sg,Apple,iPhone Air 1TB,https://www.apple.com/sg/shop/buy-iphone/iphone-air,store
2026-10-06,apple-iphone-air,256,12.0,1749.0,,apple.com/sg,Apple,iPhone Air 256GB,https://www.apple.com/sg/shop/buy-iphone/iphone-air,store
2026-10-06,google-pixel-11-pro,256,12.0,1599.0,,store.google.com/sg,Google,Google Pixel 11 Pro,https://store.google.com/sg/product/pixel_11_pro,store
2026-10-06,google-pixel-11,256,12.0,1299.0,,store.google.com/sg,Google,Google Pixel 11,https://store.google.com/sg/product/pixel_11,store
2026-10-06,google-pixel-10a,128,8.0,899.0,,store.google.com/sg,Google,Google Pixel 10a,https://store.google.com/sg/product/pixel_10a,store
2026-10-06,google-pixel-10-pro,128,16.0,1459.0,,store.google.com/sg,Google,Google Pixel 10 Pro,https://store.google.com/sg/product/pixel_10_pro,store
2026-10-06,google-pixel-10,128,12.0,1199.0,,store.google.com/sg,Google,Google Pixel 10,https://store.google.com/sg/product/pixel_10,store
2026-10-06,google-pixel-9a,128,8.0,799.0,,store.google.com/sg,Google,Google Pixel 9a,https://store.google.com/sg/product/pixel_9a,store
